{
  "Profiles": [
    {
      "Name": "Custom Profile",
      "Guid": "CUSTOM-PROFILE-GUID-12345",
      
      "Command": "/opt/homebrew/bin/fish",
      "Custom Command": "Yes",
      
      "Normal Font": "JetBrainsMonoNFM-SemiBold 13",
      "Non Ascii Font": "JetBrainsMonoNFM-SemiBold 13",
      "Vertical Spacing": 1.2,
      
      "Columns": 288,
      "Rows": 76,
      
      "Background Color": {
        "Red Component": 0.078431372549,
        "Green Component": 0.098039215686,
        "Blue Component": 0.121568627451
      },
      "Foreground Color": {
        "Red Component": 0.862745098039,
        "Green Component": 0.862745098039,
        "Blue Component": 0.866666666667
      },
      "Cursor Color": {
        "Red Component": 1.0,
        "Green Component": 1.0,
        "Blue Component": 1.0
      },
      "Cursor Text Color": {
        "Red Component": 0.0,
        "Green Component": 0.0,
        "Blue Component": 0.0
      },
      "Selection Color": {
        "Red Component": 0.337254901961,
        "Green Component": 0.537254901961,
        "Blue Component": 0.725490196078
      },
      "Selected Text Color": {
        "Red Component": 0.0,
        "Green Component": 0.0,
        "Blue Component": 0.0
      },
      
      "Transparency": 0.3,
      "Blur": true,
      "Blur Radius": 64,
      
      "Scrollback Lines": 100000,
      "Unlimited Scrollback": false,
      
      "Ansi 0 Color": {
        "Red Component": 0.274509803922,
        "Green Component": 0.278431372549,
        "Blue Component": 0.286274509804
      },
      "Ansi 1 Color": {
        "Red Component": 0.776470588235,
        "Green Component": 0.250980392157,
        "Blue Component": 0.349019607843
      },
      "Ansi 2 Color": {
        "Red Component": 0.011764705882,
        "Green Component": 0.588235294118,
        "Blue Component": 0.588235294118
      },
      "Ansi 3 Color": {
        "Red Component": 0.956862745098,
        "Green Component": 0.788235294118,
        "Blue Component": 0.533333333333
      },
      "Ansi 4 Color": {
        "Red Component": 0.337254901961,
        "Green Component": 0.537254901961,
        "Blue Component": 0.725490196078
      },
      "Ansi 5 Color": {
        "Red Component": 0.603921568627,
        "Green Component": 0.200000000000,
        "Blue Component": 0.556862745098
      },
      "Ansi 6 Color": {
        "Red Component": 0.521568627451,
        "Green Component": 0.733333333333,
        "Blue Component": 0.847058823529
      },
      "Ansi 7 Color": {
        "Red Component": 0.780392156863,
        "Green Component": 0.780392156863,
        "Blue Component": 0.780392156863
      },
      "Ansi 8 Color": {
        "Red Component": 0.490196078431,
        "Green Component": 0.494117647059,
        "Blue Component": 0.498039215686
      },
      "Ansi 9 Color": {
        "Red Component": 0.776470588235,
        "Green Component": 0.380392156863,
        "Blue Component": 0.415686274510
      },
      "Ansi 10 Color": {
        "Red Component": 0.301960784314,
        "Green Component": 0.670588235294,
        "Blue Component": 0.662745098039
      },
      "Ansi 11 Color": {
        "Red Component": 0.905882352941,
        "Green Component": 0.674509803922,
        "Blue Component": 0.462745098039
      },
      "Ansi 12 Color": {
        "Red Component": 0.494117647059,
        "Green Component": 0.654901960784,
        "Blue Component": 0.843137254902
      },
      "Ansi 13 Color": {
        "Red Component": 0.662745098039,
        "Green Component": 0.352941176471,
        "Blue Component": 0.560784313725
      },
      "Ansi 14 Color": {
        "Red Component": 0.650980392157,
        "Green Component": 0.780392156863,
        "Blue Component": 0.866666666667
      },
      "Ansi 15 Color": {
        "Red Component": 1.0,
        "Green Component": 1.0,
        "Blue Component": 1.0
      }
    }
  ]
}
